{"time":"2024-11-13T15:06:18.470933-07:00","level":"INFO","source":{"function":"main.initLogging","file":"/Users/bartwood/projects/ingestion-pipeline-reprocessing-service/main.go","line":107},"msg":"logging initialized"}
{"time":"2024-11-13T15:06:18.471023-07:00","level":"INFO","source":{"function":"main.initConfigs","file":"/Users/bartwood/projects/ingestion-pipeline-reprocessing-service/main.go","line":118},"msg":"initializing configs","configFile":"./config.yaml","secretsFile":"./secrets.yaml"}
{"time":"2024-11-13T15:06:18.471029-07:00","level":"INFO","source":{"function":"main.initConfigs","file":"/Users/bartwood/projects/ingestion-pipeline-reprocessing-service/main.go","line":119},"msg":"configs initialized"}
{"time":"2024-11-13T15:06:18.48086-07:00","level":"INFO","source":{"function":"main.initPipeline","file":"/Users/bartwood/projects/ingestion-pipeline-reprocessing-service/main.go","line":142},"msg":"initializing pipeline"}
{"time":"2024-11-13T15:06:18.481061-07:00","level":"INFO","source":{"function":"gitlab-app.eng.qops.net/xm-discover/discover-platform-group/discover-data-pipelines/ingestion-pipeline-reprocessing-service/pipeline.NewTemporalClient","file":"/Users/bartwood/projects/ingestion-pipeline-reprocessing-service/pipeline/temporal_client.go","line":42},"msg":"Temporal client is cloud. Configuring TLS"}
{"time":"2024-11-13T15:06:18.927567-07:00","level":"INFO","source":{"function":"main.initPipeline","file":"/Users/bartwood/projects/ingestion-pipeline-reprocessing-service/main.go","line":243},"msg":"pipeline initialized"}
{"time":"2024-11-13T15:06:18.927894-07:00","level":"INFO","source":{"function":"main.main","file":"/Users/bartwood/projects/ingestion-pipeline-reprocessing-service/main.go","line":71},"msg":"http service started","Name":"ingestion-pipeline-reprocessing-service","Address":"localhost:8080"}
{"time":"2024-11-13T15:06:18.927912-07:00","level":"INFO","source":{"function":"main.main","file":"/Users/bartwood/projects/ingestion-pipeline-reprocessing-service/main.go","line":74},"msg":"app started"}
{"time":"2024-11-13T15:06:19.087201-07:00","level":"INFO","source":{"function":"go.temporal.io/sdk/internal.(*AggregatedWorker).start","file":"/Users/bartwood/go/pkg/mod/go.temporal.io/sdk@v1.28.1/internal/internal_worker.go","line":1065},"msg":"Started Worker","Namespace":"enrichments-testing-b1.11a66","TaskQueue":"ig-bart-rp","WorkerID":"12030@Q-HQ4JG7JF09-bartwood@"}
{"time":"2024-11-13T15:06:19.088925-07:00","level":"INFO","source":{"function":"go.temporal.io/sdk/internal.(*AggregatedWorker).start","file":"/Users/bartwood/go/pkg/mod/go.temporal.io/sdk@v1.28.1/internal/internal_worker.go","line":1065},"msg":"Started Worker","Namespace":"enrichments-testing-b1.11a66","TaskQueue":"ig-bart","WorkerID":"12030@Q-HQ4JG7JF09-bartwood@"}
{"time":"2024-11-13T15:07:36.040982-07:00","level":"INFO","source":{"function":"main.initLogging","file":"/Users/bartwood/projects/ingestion-pipeline-reprocessing-service/main.go","line":107},"msg":"logging initialized"}
{"time":"2024-11-13T15:07:36.041071-07:00","level":"INFO","source":{"function":"main.initConfigs","file":"/Users/bartwood/projects/ingestion-pipeline-reprocessing-service/main.go","line":118},"msg":"initializing configs","configFile":"./config.yaml","secretsFile":"./secrets.yaml"}
{"time":"2024-11-13T15:07:36.04108-07:00","level":"INFO","source":{"function":"main.initConfigs","file":"/Users/bartwood/projects/ingestion-pipeline-reprocessing-service/main.go","line":119},"msg":"configs initialized"}
{"time":"2024-11-13T15:07:36.051553-07:00","level":"INFO","source":{"function":"main.initPipeline","file":"/Users/bartwood/projects/ingestion-pipeline-reprocessing-service/main.go","line":142},"msg":"initializing pipeline"}
{"time":"2024-11-13T15:07:36.051839-07:00","level":"INFO","source":{"function":"gitlab-app.eng.qops.net/xm-discover/discover-platform-group/discover-data-pipelines/ingestion-pipeline-reprocessing-service/pipeline.NewTemporalClient","file":"/Users/bartwood/projects/ingestion-pipeline-reprocessing-service/pipeline/temporal_client.go","line":42},"msg":"Temporal client is cloud. Configuring TLS"}
{"time":"2024-11-13T15:07:36.525224-07:00","level":"INFO","source":{"function":"main.initPipeline","file":"/Users/bartwood/projects/ingestion-pipeline-reprocessing-service/main.go","line":243},"msg":"pipeline initialized"}
{"time":"2024-11-13T15:07:36.525591-07:00","level":"INFO","source":{"function":"main.main","file":"/Users/bartwood/projects/ingestion-pipeline-reprocessing-service/main.go","line":71},"msg":"http service started","Name":"ingestion-pipeline-reprocessing-service","Address":"localhost:8080"}
{"time":"2024-11-13T15:07:36.525612-07:00","level":"INFO","source":{"function":"main.main","file":"/Users/bartwood/projects/ingestion-pipeline-reprocessing-service/main.go","line":74},"msg":"app started"}
{"time":"2024-11-13T15:07:36.683568-07:00","level":"INFO","source":{"function":"go.temporal.io/sdk/internal.(*AggregatedWorker).start","file":"/Users/bartwood/go/pkg/mod/go.temporal.io/sdk@v1.28.1/internal/internal_worker.go","line":1065},"msg":"Started Worker","Namespace":"enrichments-testing-b1.11a66","TaskQueue":"ig-bart","WorkerID":"13436@Q-HQ4JG7JF09-bartwood@"}
{"time":"2024-11-13T15:07:36.684744-07:00","level":"INFO","source":{"function":"go.temporal.io/sdk/internal.(*AggregatedWorker).start","file":"/Users/bartwood/go/pkg/mod/go.temporal.io/sdk@v1.28.1/internal/internal_worker.go","line":1065},"msg":"Started Worker","Namespace":"enrichments-testing-b1.11a66","TaskQueue":"ig-bart-rp","WorkerID":"13436@Q-HQ4JG7JF09-bartwood@"}
{"time":"2024-11-13T15:07:51.225544-07:00","level":"INFO","source":{"function":"main.initPipeline.func2","file":"/Users/bartwood/projects/ingestion-pipeline-reprocessing-service/main.go","line":173},"msg":"closing metrics scope"}
{"time":"2024-11-13T15:07:51.225556-07:00","level":"INFO","source":{"function":"go.temporal.io/sdk/internal.(*AggregatedWorker).Run","file":"/Users/bartwood/go/pkg/mod/go.temporal.io/sdk@v1.28.1/internal/internal_worker.go","line":1162},"msg":"Worker has been stopped.","Namespace":"enrichments-testing-b1.11a66","TaskQueue":"ig-bart-rp","WorkerID":"13436@Q-HQ4JG7JF09-bartwood@","Signal":2}
{"time":"2024-11-13T15:07:51.226016-07:00","level":"INFO","source":{"function":"go.temporal.io/sdk/internal.(*AggregatedWorker).Stop","file":"/Users/bartwood/go/pkg/mod/go.temporal.io/sdk@v1.28.1/internal/internal_worker.go","line":1193},"msg":"Stopped Worker","Namespace":"enrichments-testing-b1.11a66","TaskQueue":"ig-bart-rp","WorkerID":"13436@Q-HQ4JG7JF09-bartwood@"}
{"time":"2024-11-13T15:07:51.225665-07:00","level":"INFO","source":{"function":"main.main","file":"/Users/bartwood/projects/ingestion-pipeline-reprocessing-service/main.go","line":76},"msg":"closing down app"}
{"time":"2024-11-13T15:07:51.22613-07:00","level":"INFO","source":{"function":"main.main","file":"/Users/bartwood/projects/ingestion-pipeline-reprocessing-service/main.go","line":78},"msg":"app closed"}
{"time":"2024-11-13T15:09:58.904409-07:00","level":"INFO","source":{"function":"main.initLogging","file":"/Users/bartwood/projects/ingestion-pipeline-reprocessing-service/main.go","line":109},"msg":"logging initialized"}
{"time":"2024-11-13T15:09:58.905299-07:00","level":"INFO","source":{"function":"main.initConfigs","file":"/Users/bartwood/projects/ingestion-pipeline-reprocessing-service/main.go","line":120},"msg":"initializing configs","configFile":"./config.yaml","secretsFile":"./secrets.yaml"}
{"time":"2024-11-13T15:09:58.905323-07:00","level":"INFO","source":{"function":"main.initConfigs","file":"/Users/bartwood/projects/ingestion-pipeline-reprocessing-service/main.go","line":121},"msg":"configs initialized"}
{"time":"2024-11-13T15:09:58.915162-07:00","level":"INFO","source":{"function":"main.initPipeline","file":"/Users/bartwood/projects/ingestion-pipeline-reprocessing-service/main.go","line":144},"msg":"initializing pipeline"}
{"time":"2024-11-13T15:09:58.915403-07:00","level":"INFO","source":{"function":"gitlab-app.eng.qops.net/xm-discover/discover-platform-group/discover-data-pipelines/ingestion-pipeline-reprocessing-service/pipeline.NewTemporalClient","file":"/Users/bartwood/projects/ingestion-pipeline-reprocessing-service/pipeline/temporal_client.go","line":42},"msg":"Temporal client is cloud. Configuring TLS"}
{"time":"2024-11-13T15:09:59.374405-07:00","level":"INFO","source":{"function":"main.initPipeline","file":"/Users/bartwood/projects/ingestion-pipeline-reprocessing-service/main.go","line":245},"msg":"pipeline initialized"}
{"time":"2024-11-13T15:09:59.375053-07:00","level":"INFO","source":{"function":"main.main","file":"/Users/bartwood/projects/ingestion-pipeline-reprocessing-service/main.go","line":71},"msg":"http service started","Name":"ingestion-pipeline-reprocessing-service","Address":"localhost:8080"}
{"time":"2024-11-13T15:09:59.375089-07:00","level":"INFO","source":{"function":"main.main","file":"/Users/bartwood/projects/ingestion-pipeline-reprocessing-service/main.go","line":74},"msg":"app started"}
{"time":"2024-11-13T15:09:59.536496-07:00","level":"INFO","source":{"function":"go.temporal.io/sdk/internal.(*AggregatedWorker).start","file":"/Users/bartwood/go/pkg/mod/go.temporal.io/sdk@v1.28.1/internal/internal_worker.go","line":1065},"msg":"Started Worker","Namespace":"enrichments-testing-b1.11a66","TaskQueue":"ig-bart-rp","WorkerID":"16042@Q-HQ4JG7JF09-bartwood@"}
{"time":"2024-11-13T15:09:59.536531-07:00","level":"INFO","source":{"function":"go.temporal.io/sdk/internal.(*AggregatedWorker).start","file":"/Users/bartwood/go/pkg/mod/go.temporal.io/sdk@v1.28.1/internal/internal_worker.go","line":1065},"msg":"Started Worker","Namespace":"enrichments-testing-b1.11a66","TaskQueue":"ig-bart","WorkerID":"16042@Q-HQ4JG7JF09-bartwood@"}
{"time":"2024-11-13T15:10:02.590106-07:00","level":"INFO","source":{"function":"go.temporal.io/sdk/internal.(*AggregatedWorker).Run","file":"/Users/bartwood/go/pkg/mod/go.temporal.io/sdk@v1.28.1/internal/internal_worker.go","line":1162},"msg":"Worker has been stopped.","Namespace":"enrichments-testing-b1.11a66","TaskQueue":"ig-bart","WorkerID":"16042@Q-HQ4JG7JF09-bartwood@","Signal":2}
{"time":"2024-11-13T15:10:02.590345-07:00","level":"INFO","source":{"function":"go.temporal.io/sdk/internal.(*AggregatedWorker).Stop","file":"/Users/bartwood/go/pkg/mod/go.temporal.io/sdk@v1.28.1/internal/internal_worker.go","line":1193},"msg":"Stopped Worker","Namespace":"enrichments-testing-b1.11a66","TaskQueue":"ig-bart","WorkerID":"16042@Q-HQ4JG7JF09-bartwood@"}
{"time":"2024-11-13T15:10:02.590374-07:00","level":"INFO","source":{"function":"main.initPipeline.func2","file":"/Users/bartwood/projects/ingestion-pipeline-reprocessing-service/main.go","line":175},"msg":"closing metrics scope"}
{"time":"2024-11-13T15:11:51.300458-07:00","level":"INFO","source":{"function":"main.initLogging","file":"/Users/bartwood/projects/ingestion-pipeline-reprocessing-service/main.go","line":109},"msg":"logging initialized"}
{"time":"2024-11-13T15:11:51.301498-07:00","level":"INFO","source":{"function":"main.initConfigs","file":"/Users/bartwood/projects/ingestion-pipeline-reprocessing-service/main.go","line":120},"msg":"initializing configs","configFile":"./config.yaml","secretsFile":"./secrets.yaml"}
{"time":"2024-11-13T15:11:51.301513-07:00","level":"INFO","source":{"function":"main.initConfigs","file":"/Users/bartwood/projects/ingestion-pipeline-reprocessing-service/main.go","line":121},"msg":"configs initialized"}
{"time":"2024-11-13T15:11:51.317265-07:00","level":"INFO","source":{"function":"main.initPipeline","file":"/Users/bartwood/projects/ingestion-pipeline-reprocessing-service/main.go","line":144},"msg":"initializing pipeline"}
{"time":"2024-11-13T15:11:51.317515-07:00","level":"INFO","source":{"function":"gitlab-app.eng.qops.net/xm-discover/discover-platform-group/discover-data-pipelines/ingestion-pipeline-reprocessing-service/pipeline.NewTemporalClient","file":"/Users/bartwood/projects/ingestion-pipeline-reprocessing-service/pipeline/temporal_client.go","line":42},"msg":"Temporal client is cloud. Configuring TLS"}
{"time":"2024-11-13T15:11:51.815612-07:00","level":"INFO","source":{"function":"main.initPipeline","file":"/Users/bartwood/projects/ingestion-pipeline-reprocessing-service/main.go","line":245},"msg":"pipeline initialized"}
{"time":"2024-11-13T15:11:51.816005-07:00","level":"INFO","source":{"function":"main.main","file":"/Users/bartwood/projects/ingestion-pipeline-reprocessing-service/main.go","line":71},"msg":"http service started","Name":"ingestion-pipeline-reprocessing-service","Address":"localhost:8080"}
{"time":"2024-11-13T15:11:51.816029-07:00","level":"INFO","source":{"function":"main.main","file":"/Users/bartwood/projects/ingestion-pipeline-reprocessing-service/main.go","line":74},"msg":"app started"}
{"time":"2024-11-13T15:11:51.974475-07:00","level":"INFO","source":{"function":"go.temporal.io/sdk/internal.(*AggregatedWorker).start","file":"/Users/bartwood/go/pkg/mod/go.temporal.io/sdk@v1.28.1/internal/internal_worker.go","line":1065},"msg":"Started Worker","Namespace":"enrichments-testing-b1.11a66","TaskQueue":"ig-bart","WorkerID":"18004@Q-HQ4JG7JF09-bartwood@"}
{"time":"2024-11-13T15:11:51.97885-07:00","level":"INFO","source":{"function":"go.temporal.io/sdk/internal.(*AggregatedWorker).start","file":"/Users/bartwood/go/pkg/mod/go.temporal.io/sdk@v1.28.1/internal/internal_worker.go","line":1065},"msg":"Started Worker","Namespace":"enrichments-testing-b1.11a66","TaskQueue":"ig-bart-rp","WorkerID":"18004@Q-HQ4JG7JF09-bartwood@"}
{"time":"2024-11-13T15:12:03.287056-07:00","level":"INFO","source":{"function":"main.initPipeline.func2","file":"/Users/bartwood/projects/ingestion-pipeline-reprocessing-service/main.go","line":175},"msg":"closing metrics scope"}
{"time":"2024-11-13T15:12:03.287422-07:00","level":"INFO","source":{"function":"main.main","file":"/Users/bartwood/projects/ingestion-pipeline-reprocessing-service/main.go","line":78},"msg":"closing app. cleaning up resources"}
{"time":"2024-11-13T15:12:03.287618-07:00","level":"INFO","source":{"function":"go.temporal.io/sdk/internal.(*AggregatedWorker).Run","file":"/Users/bartwood/go/pkg/mod/go.temporal.io/sdk@v1.28.1/internal/internal_worker.go","line":1162},"msg":"Worker has been stopped.","Namespace":"enrichments-testing-b1.11a66","TaskQueue":"ig-bart-rp","WorkerID":"18004@Q-HQ4JG7JF09-bartwood@","Signal":2}
{"time":"2024-11-13T15:12:03.287631-07:00","level":"INFO","source":{"function":"main.main","file":"/Users/bartwood/projects/ingestion-pipeline-reprocessing-service/main.go","line":80},"msg":"app closed"}
{"time":"2024-11-13T15:12:16.267164-07:00","level":"INFO","source":{"function":"main.initLogging","file":"/Users/bartwood/projects/ingestion-pipeline-reprocessing-service/main.go","line":109},"msg":"logging initialized"}
{"time":"2024-11-13T15:12:16.267252-07:00","level":"INFO","source":{"function":"main.initConfigs","file":"/Users/bartwood/projects/ingestion-pipeline-reprocessing-service/main.go","line":120},"msg":"initializing configs","configFile":"./config.yaml","secretsFile":"./secrets.yaml"}
{"time":"2024-11-13T15:12:16.267264-07:00","level":"INFO","source":{"function":"main.initConfigs","file":"/Users/bartwood/projects/ingestion-pipeline-reprocessing-service/main.go","line":121},"msg":"configs initialized"}
{"time":"2024-11-13T15:12:16.27983-07:00","level":"INFO","source":{"function":"main.initPipeline","file":"/Users/bartwood/projects/ingestion-pipeline-reprocessing-service/main.go","line":144},"msg":"initializing pipeline"}
{"time":"2024-11-13T15:12:16.280066-07:00","level":"INFO","source":{"function":"gitlab-app.eng.qops.net/xm-discover/discover-platform-group/discover-data-pipelines/ingestion-pipeline-reprocessing-service/pipeline.NewTemporalClient","file":"/Users/bartwood/projects/ingestion-pipeline-reprocessing-service/pipeline/temporal_client.go","line":42},"msg":"Temporal client is cloud. Configuring TLS"}
{"time":"2024-11-13T15:12:16.739281-07:00","level":"INFO","source":{"function":"main.initPipeline","file":"/Users/bartwood/projects/ingestion-pipeline-reprocessing-service/main.go","line":245},"msg":"pipeline initialized"}
{"time":"2024-11-13T15:12:16.739652-07:00","level":"INFO","source":{"function":"main.main","file":"/Users/bartwood/projects/ingestion-pipeline-reprocessing-service/main.go","line":71},"msg":"http service started","Name":"ingestion-pipeline-reprocessing-service","Address":"localhost:8080"}
{"time":"2024-11-13T15:12:16.739703-07:00","level":"INFO","source":{"function":"main.main","file":"/Users/bartwood/projects/ingestion-pipeline-reprocessing-service/main.go","line":74},"msg":"app started"}
{"time":"2024-11-13T15:12:16.894107-07:00","level":"INFO","source":{"function":"go.temporal.io/sdk/internal.(*AggregatedWorker).start","file":"/Users/bartwood/go/pkg/mod/go.temporal.io/sdk@v1.28.1/internal/internal_worker.go","line":1065},"msg":"Started Worker","Namespace":"enrichments-testing-b1.11a66","TaskQueue":"ig-bart-rp","WorkerID":"18452@Q-HQ4JG7JF09-bartwood@"}
{"time":"2024-11-13T15:12:16.894095-07:00","level":"INFO","source":{"function":"go.temporal.io/sdk/internal.(*AggregatedWorker).start","file":"/Users/bartwood/go/pkg/mod/go.temporal.io/sdk@v1.28.1/internal/internal_worker.go","line":1065},"msg":"Started Worker","Namespace":"enrichments-testing-b1.11a66","TaskQueue":"ig-bart","WorkerID":"18452@Q-HQ4JG7JF09-bartwood@"}
{"time":"2024-11-13T15:12:28.802553-07:00","level":"INFO","source":{"function":"main.initPipeline.func2","file":"/Users/bartwood/projects/ingestion-pipeline-reprocessing-service/main.go","line":175},"msg":"closing metrics scope"}
{"time":"2024-11-13T15:12:28.802983-07:00","level":"INFO","source":{"function":"main.main","file":"/Users/bartwood/projects/ingestion-pipeline-reprocessing-service/main.go","line":78},"msg":"closing app. cleaning up resources"}
{"time":"2024-11-13T15:12:28.803201-07:00","level":"INFO","source":{"function":"main.main","file":"/Users/bartwood/projects/ingestion-pipeline-reprocessing-service/main.go","line":80},"msg":"app closed"}
{"time":"2024-11-13T15:24:41.311065-07:00","level":"INFO","source":{"function":"main.initLogging","file":"/Users/bartwood/projects/ingestion-pipeline-reprocessing-service/main.go","line":114},"msg":"logging initialized"}
{"time":"2024-11-13T15:24:41.311121-07:00","level":"INFO","source":{"function":"main.initConfigs","file":"/Users/bartwood/projects/ingestion-pipeline-reprocessing-service/main.go","line":123},"msg":"initializing configs","configFile":"./config.yaml","secretsFile":"./secrets.yaml"}
{"time":"2024-11-13T15:24:41.312237-07:00","level":"INFO","source":{"function":"main.initConfigs","file":"/Users/bartwood/projects/ingestion-pipeline-reprocessing-service/main.go","line":142},"msg":"configs initialized"}
{"time":"2024-11-13T15:24:41.322005-07:00","level":"INFO","source":{"function":"main.initPipeline","file":"/Users/bartwood/projects/ingestion-pipeline-reprocessing-service/main.go","line":146},"msg":"initializing pipeline"}
{"time":"2024-11-13T15:24:41.322157-07:00","level":"INFO","source":{"function":"runtime.gopanic","file":"/Users/bartwood/go/pkg/mod/golang.org/toolchain@v0.0.1-go1.23.2.darwin-arm64/src/runtime/panic.go","line":785},"msg":"pipeline initialized"}
{"time":"2024-11-13T15:24:50.640074-07:00","level":"INFO","source":{"function":"main.initLogging","file":"/Users/bartwood/projects/ingestion-pipeline-reprocessing-service/main.go","line":114},"msg":"logging initialized"}
{"time":"2024-11-13T15:24:50.640134-07:00","level":"INFO","source":{"function":"main.initConfigs","file":"/Users/bartwood/projects/ingestion-pipeline-reprocessing-service/main.go","line":123},"msg":"initializing configs","configFile":"./config.yaml","secretsFile":"./secrets.yaml"}
{"time":"2024-11-13T15:24:50.640939-07:00","level":"INFO","source":{"function":"main.initConfigs","file":"/Users/bartwood/projects/ingestion-pipeline-reprocessing-service/main.go","line":142},"msg":"configs initialized"}
{"time":"2024-11-13T15:24:50.648189-07:00","level":"INFO","source":{"function":"main.initPipeline","file":"/Users/bartwood/projects/ingestion-pipeline-reprocessing-service/main.go","line":146},"msg":"initializing pipeline"}
{"time":"2024-11-13T15:24:50.648406-07:00","level":"INFO","source":{"function":"gitlab-app.eng.qops.net/xm-discover/discover-platform-group/discover-data-pipelines/ingestion-pipeline-reprocessing-service/pipeline.NewTemporalClient","file":"/Users/bartwood/projects/ingestion-pipeline-reprocessing-service/pipeline/temporal_client.go","line":42},"msg":"Temporal client is cloud. Configuring TLS"}
{"time":"2024-11-13T15:24:51.209065-07:00","level":"INFO","source":{"function":"main.initPipeline","file":"/Users/bartwood/projects/ingestion-pipeline-reprocessing-service/main.go","line":247},"msg":"pipeline initialized"}
{"time":"2024-11-13T15:24:51.209511-07:00","level":"INFO","source":{"function":"main.main","file":"/Users/bartwood/projects/ingestion-pipeline-reprocessing-service/main.go","line":72},"msg":"http service started","Name":"ingestion-pipeline-reprocessing-service","Address":"localhost:8080"}
{"time":"2024-11-13T15:24:51.209545-07:00","level":"INFO","source":{"function":"main.main","file":"/Users/bartwood/projects/ingestion-pipeline-reprocessing-service/main.go","line":75},"msg":"app started"}
{"time":"2024-11-13T15:24:51.370749-07:00","level":"INFO","source":{"function":"go.temporal.io/sdk/internal.(*AggregatedWorker).start","file":"/Users/bartwood/go/pkg/mod/go.temporal.io/sdk@v1.28.1/internal/internal_worker.go","line":1065},"msg":"Started Worker","Namespace":"enrichments-testing-b1.11a66","TaskQueue":"ig-bart","WorkerID":"31953@Q-HQ4JG7JF09-bartwood@"}
{"time":"2024-11-13T15:24:51.371515-07:00","level":"INFO","source":{"function":"go.temporal.io/sdk/internal.(*AggregatedWorker).start","file":"/Users/bartwood/go/pkg/mod/go.temporal.io/sdk@v1.28.1/internal/internal_worker.go","line":1065},"msg":"Started Worker","Namespace":"enrichments-testing-b1.11a66","TaskQueue":"ig-bart-rp","WorkerID":"31953@Q-HQ4JG7JF09-bartwood@"}
{"time":"2024-11-13T15:24:53.663156-07:00","level":"INFO","source":{"function":"go.temporal.io/sdk/internal.(*AggregatedWorker).Run","file":"/Users/bartwood/go/pkg/mod/go.temporal.io/sdk@v1.28.1/internal/internal_worker.go","line":1162},"msg":"Worker has been stopped.","Namespace":"enrichments-testing-b1.11a66","TaskQueue":"ig-bart","WorkerID":"31953@Q-HQ4JG7JF09-bartwood@","Signal":2}
{"time":"2024-11-13T15:24:53.66348-07:00","level":"INFO","source":{"function":"go.temporal.io/sdk/internal.(*AggregatedWorker).Stop","file":"/Users/bartwood/go/pkg/mod/go.temporal.io/sdk@v1.28.1/internal/internal_worker.go","line":1193},"msg":"Stopped Worker","Namespace":"enrichments-testing-b1.11a66","TaskQueue":"ig-bart","WorkerID":"31953@Q-HQ4JG7JF09-bartwood@"}
{"time":"2024-11-13T15:24:53.663329-07:00","level":"INFO","source":{"function":"go.temporal.io/sdk/internal.(*AggregatedWorker).Run","file":"/Users/bartwood/go/pkg/mod/go.temporal.io/sdk@v1.28.1/internal/internal_worker.go","line":1162},"msg":"Worker has been stopped.","Namespace":"enrichments-testing-b1.11a66","TaskQueue":"ig-bart-rp","WorkerID":"31953@Q-HQ4JG7JF09-bartwood@","Signal":2}
{"time":"2024-11-13T15:24:53.663373-07:00","level":"INFO","source":{"function":"main.initPipeline.func2","file":"/Users/bartwood/projects/ingestion-pipeline-reprocessing-service/main.go","line":177},"msg":"closing metrics scope"}
{"time":"2024-11-13T15:24:53.663386-07:00","level":"INFO","source":{"function":"main.main","file":"/Users/bartwood/projects/ingestion-pipeline-reprocessing-service/main.go","line":79},"msg":"closing app. cleaning up resources"}
{"time":"2024-11-13T15:24:53.664572-07:00","level":"INFO","source":{"function":"main.main","file":"/Users/bartwood/projects/ingestion-pipeline-reprocessing-service/main.go","line":81},"msg":"app closed"}
